subject,condition,placement,required,laps_expected,filename,collected,notes
S01,A_standalone,nominal,yes,4,,no,
S01,A_standalone,stressed,yes,4,,no,
S01,B_baseline_m2,nominal,yes,4,,no,
S01,B_baseline_m2,stressed,yes,4,,no,
S01,C_jointsafety_m3,stressed,optional,4,,no,
S01,D_manip_m3,stressed,optional,4,,no,
S01,E_extended_m4,nominal,yes,4,,no,
S01,E_extended_m4,stressed,yes,4,,no,
S01,F_impedance_aan,nominal,yes,4,,no,
S02,A_standalone,nominal,yes,4,,no,
S02,A_standalone,stressed,yes,4,,no,
S02,B_baseline_m2,nominal,yes,4,,no,
S02,B_baseline_m2,stressed,yes,4,,no,
S02,C_jointsafety_m3,stressed,optional,4,,no,
S02,D_manip_m3,stressed,optional,4,,no,
S02,E_extended_m4,nominal,yes,4,,no,
S02,E_extended_m4,stressed,yes,4,,no,
S02,F_impedance_aan,nominal,yes,4,,no,
S03,A_standalone,nominal,yes,4,,no,
S03,A_standalone,stressed,yes,4,,no,
S03,B_baseline_m2,nominal,yes,4,,no,
S03,B_baseline_m2,stressed,yes,4,,no,
S03,C_jointsafety_m3,stressed,optional,4,,no,
S03,D_manip_m3,stressed,optional,4,,no,
S03,E_extended_m4,nominal,yes,4,,no,
S03,E_extended_m4,stressed,yes,4,,no,
S03,F_impedance_aan,nominal,yes,4,,no,
